"Company","Job.Title","Location","Job.Type","Experience","Skill.1","Skill.2","Skill.3","Skill.4","Skill.5","Skill.6","Perk.1","Perk.2","Perk.3","ExperienceQualifications","ClassYearQualifications"
"Zscaler","Data Science Intern- Undergrad (Summer 2023)","San Jose, CA, United States","Internship","Entry-level","Agile","Architecture","Data analysis","Data Analytics","Data strategy","Data visualization","Competitive pay","Equity","Health care","at least two internship experiences","juniors"
"RYTE Corporation","R&D Data Scientist Intern (Alternance)","Nice, Provence-Alpes-CÃ´te d'Azur, France","Internship","Entry-level","Big Data","Computer Science","Deep Learning","Engineering","Keras","Python","Career development","Flex vacation","","no experience","freshman or sophomores"
"SOMFY Group","Alternance Data Analyst (H/F)","Cluses, France","Full Time","Entry-level","Data analysis","Excel","Power BI","Python","R","R&D","Salary bonus","","","at least one internship experience","juniors"
"RYTE Corporation","MLOps Engineer Intern (Alternance)","Nice, Provence-Alpes-CÃ´te d'Azur, France","Internship","Entry-level","Azure","Big Data","CI/CD","Computer Science","Databricks","Deep Learning","Career development","","","at least one internship experience","freshman or sophomores"
"RYTE Corporation","Data Scientist (NLP & ML) Intern (Alternance)","Nice, Provence-Alpes-CÃ´te d'Azur, France","Internship","Entry-level","Azure","Big Data","C++","Computer Science","Deep Learning","Docker","Career development","","","at least two internship experiences","seniors"
"Shadow","Data Analyst / Data Scientist Intern (H/F/X) - July 2023","Paris","Internship","Entry-level","Agile","Clustering","Data analysis","Data visualization","KPIs","Pandas","Career development","Flex hours","Flex vacation","at least one internship experience","seniors"
"Zuora","Data Science Intern","Redwood City, California, United States","Internship","Entry-level","Avro","AWS","Computer Science","CSV","DynamoDB","Finance","Career development","Competitive pay","Health care","at least two internship experiences","seniors"
"Shippeo","Data Scientist - Internship","Paris, France","Internship","Entry-level","A/B testing","Engineering","Machine Learning","ML models","MLOps","Model design","","","","at least two internship experiences","juniors"
"6sense Insights, Inc.","Data Scientist Intern","United States, Remote","Internship","Entry-level","APIs","Big Data","Business Analytics","Data analysis","Data Analytics","Data visualization","Career development","Gear","Health care","no experience","freshman or sophomores"
"Chime","Data Analytics Intern","San Francisco, CA","Internship","Entry-level","Banking","Data Analytics","Data visualization","Distributed Systems","Economics","FinTech","401(k) matching","Career development","Competitive pay","no experience","juniors"
"Shippeo","INTERNSHIP: IT Project Manager - Data Integration (M/F/D)","Paris, France","Internship","Entry-level","Agile","Engineering","KPIs","","","","","","","no experience","seniors"
"Lacework","Analytics Engineer Intern","United States","Internship","Entry-level","BigQuery","Computer Science","Data analysis","Data warehouse","Engineering","Finance","","","","at least two internship experiences","freshman or sophomores"
"Illumio","Data Analyst Intern, Business Intelligence","Sunnyvale, California","Internship","Entry-level","Business Intelligence","Data governance","Excel","Security","SQL","","Equity","","","no experience","seniors"
"Amazon.com","Applied Scientist Intern","Bellevue, Washington, USA","Full Time","Entry-level","Big Data","Data Analytics","Data Mining","Engineering","Machine Learning","Mathematics","Career development","Equity","","no experience","juniors"
"OpenX","Intern - Machine Learning","Krakow","Internship","Entry-level","AWS","Azure","Big Data","Computer Science","Data analysis","Dataflow","Career development","Flex hours","Startup environment","at least two internship experiences","juniors"
"Coda Payments","Data Science - Intern","Kuala Lumpur, Malaysia","Internship","Entry-level","Classification","Computer Science","Engineering","Finance","FinTech","Machine Learning","Career development","Flex hours","","no experience","juniors"
"Kpler","Data Scientist - Internship","Brussels, London, Paris, Vienna, Dubai, Houston, New â€¦","Internship","Entry-level","Data analysis","Data quality","Data visualization","Git","Machine Learning","ML models","","","","at least two internship experiences","seniors"
"Publicis Groupe","Intern Program: Data Science Intern","Atlanta, GA, United States","Internship","Entry-level","Cluster analysis","Data analysis","Privacy","SAS","Statistics","","Career development","Competitive pay","Equity","at least one internship experience","seniors"
"Infinitus","ðŸ“ˆ NLP Research Intern","San Francisco, CA","Internship","Entry-level","Conversational AI","Deep Learning","NLP","PhD","PyTorch","Research","Career development","Conferences","Startup environment","no experience","freshman or sophomores"
"NBCUniversal","Act Two Program - Data Engineer","Universal City, CALIFORNIA, United States","Full Time","Entry-level","Agile","Airflow","Big Data","Computer Science","Data Analytics","Data management","Career development","Flex hours","Flex vacation","at least two internship experiences","freshman or sophomores"
"Visa","Intern Associate Data Analyst â€“ Undergrad â€“ Austin","Austin, TX, United States","Internship","Entry-level","Computer Science","Data Analytics","Data visualization","Engineering","Excel","SQL","Equity","Health care","Insurance","at least two internship experiences","juniors"
"Infinitus","ðŸ“Š Data Analyst Intern - Business & Product Ops","San Francisco, CA","Internship","Entry-level","BigQuery","Conversational AI","Data visualization","Engineering","Excel","GCP","Startup environment","","","no experience","seniors"
"Unbabel","AI Research Scientist Intern","Lisbon, Lisbon, Portugal","Internship","Entry-level","Computer Science","Deep Learning","Engineering","Machine Learning","NLP","PhD","Career development","Competitive pay","Conferences","no experience","seniors"
"Visa","Internship - Data Science (For Current Students)","Johannesburg, South Africa","Full Time","Entry-level","Big Data","Clustering","Computer Science","Data analysis","Data Mining","Econometrics","Career development","","","no experience","seniors"
"METRO/MAKRO","STAGE 6 mois - Data Scientist Junior H/F","Nanterre, France","Full Time","Entry-level","Big Data","Power BI","Python","R","SQL","","","","","no experience","freshman or sophomores"
"Bosch Group","Internship - Master Data Management","Solothurn/Zuchwil, Switzerland","Internship","Entry-level","Data Analytics","Data management","Excel","Industrial","Spark","","Flex hours","Startup environment","","at least two internship experiences","juniors"
"Mercedes-Benz R&D North America","Machine Learning Intern","Sunnyvale, CA","Internship","Entry-level","Agile","ANN","Architecture","Autonomous Driving","Computer Science","Data analysis","401(k) matching","Career development","Fitness / gym","at least one internship experience","seniors"
"Funding Societies","Data Science Intern","Bengaluru, Karnataka, India - Remote","Internship","Entry-level","A/B testing","Computer Science","Data analysis","Data visualization","FinTech","Machine Learning","Career development","Flex hours","Flex vacation","at least one internship experience","juniors"
"Cloudflare, Inc.","Data Engineering Internship","Lisbon, Portugal","Internship","Entry-level","Angular","APIs","Architecture","Computer Science","Data Analytics","Engineering","","","","at least two internship experiences","seniors"
"Bosch Group","[Intern] AI/ Computer Vision Engineer","TÃ¢n BÃ¬nh, Vietnam","Full Time","Entry-level","Computer Science","Computer Vision","Consulting","Deep Learning","Economics","Engineering","Career development","Team events","","at least two internship experiences","seniors"
"RYTE Corporation","R&D Data Scientist Intern (Alternance)","Paris, ÃŽle-de-France, France","Internship","Entry-level","Big Data","Computer Science","Deep Learning","Engineering","Keras","Python","Career development","Flex vacation","","at least one internship experience","freshman or sophomores"
"Amazon.com","Software Development Engineer Intern (Summer 2023) - Machine Learning Apps, Acceleration, Annapurna Labs","Austin, Texas, USA","Full Time","Entry-level","AWS","Computer Science","Deep Learning","Distributed Systems","EC2","Engineering","Career development","Conferences","","at least two internship experiences","seniors"
"RYTE Corporation","Data Scientist (NLP & ML) Intern (Alternance)","Paris, ÃŽle-de-France, France","Internship","Entry-level","Azure","Big Data","C++","Computer Science","Deep Learning","Docker","Career development","","","at least two internship experiences","seniors"
"Sia Partners","Stage de fin d'Ã©tudes - Consultant(e) Data Management","Paris, France","Full Time","Entry-level","APIs","Architecture","AWS","Azure","Big Data","Business Intelligence","","","","at least one internship experience","freshman or sophomores"
"RYTE Corporation","MLOps Engineer Intern (Alternance)","Paris, ÃŽle-de-France, France","Internship","Entry-level","Azure","Big Data","CI/CD","Computer Science","Databricks","Deep Learning","Career development","","","no experience","seniors"
"SOMFY Group","Alternance Data Analyst (H/F)","Cluses, France","Full Time","Entry-level","Data analysis","Excel","Power BI","Python","R","R&D","Salary bonus","","","at least one internship experience","juniors"
"EcoVadis","Data Management Intern (12 months Internship)","EbÃ¨ne, Mauritius","Internship","Entry-level","Classification","Data management","Excel","Research","","","Career development","Flex hours","Health care","at least two internship experiences","juniors"
"OpenX","Intern, ML Ops","New York City","Internship","Entry-level","AWS","Azure","Computer Science","Docker","GCP","Google Cloud","Career development","Startup environment","","at least one internship experience","seniors"
"Bosch Group","Website & Data analyses - Internship EU student","Breda, Netherlands","Full Time","Entry-level","E-commerce","Research","Testing","","","","Flex hours","","","at least one internship experience","seniors"
"HeadLight Technologies Inc.","Computer Vision Intern","Seattle, Washington, United States - Remote","Internship","Entry-level","Computer Vision","Consulting","Engineering","Machine Learning","","","Career development","","","at least two internship experiences","juniors"
"Trust Lab","Data Science Intern | Social Media Analysis | US, Canada, UK, Germany","Anywhere","Internship","Entry-level","AWS","Data analysis","Data visualization","Engineering","Machine intelligence","Machine Learning","Flex hours","Startup environment","","no experience","freshman or sophomores"
"TuneIn","Data Science Intern","San Francisco, CA","Internship","Entry-level","Computer Science","Data Mining","Deep Learning","Engineering","Excel","KPIs","Career development","","","at least two internship experiences","seniors"
"Deep6.ai","Machine Learning Engineer, Comprehension Intern","Remote or Pasadena, CA","Internship","Entry-level","Computer Science","ETL","Machine Learning","Mathematics","NLP","OOP","Career development","Competitive pay","Startup environment","no experience","freshman or sophomores"
"Deep6.ai","Data Analyst, Search Intern","Remote or Pasadena, CA","Internship","Entry-level","Business Analytics","Computer Science","Machine Learning","Mathematics","NLP","Python","Competitive pay","Startup environment","","at least two internship experiences","seniors"
"Motional","Summer 2023: Machine Learning Intern","Pittsburgh, Pennsylvania, United States","Internship","Entry-level","Architecture","Autonomous Driving","Computer Science","Data Mining","Distributed Systems","Machine Learning","401(k) matching","Career development","Equity","no experience","juniors"
"Kinaxis","Co-Op/Intern Software Engineer, AI Platform","Toronto, Canada; Remote, Canada","Internship","Entry-level","Big Data","Bitbucket","DevOps","Engineering","GitHub","Industrial","","","","no experience","juniors"
"Deutsche Telekom IT Solutions","Data Science Trainee - REF1574S","Budapest, Debrecen, Szeged, PÃ©cs, Hungary","Full Time","Entry-level","Agile","Computer Science","Jira","Kanban","Keras","Machine Learning","Team events","","","no experience","seniors"
"SOMFY Group","Data Analyst (6 month internship) (M/F)","Cluses, France","Internship","Entry-level","Data management","Data quality","R","R&D","Testing","","Career development","","","at least one internship experience","freshman or sophomores"
"Visa","Intern, Associate Data Analyst","Austin, TX, United States","Internship","Entry-level","Computer Science","Data Analytics","Data visualization","Engineering","Excel","SQL","Equity","Health care","Insurance","at least one internship experience","seniors"
"Charles River Analytics Inc.","Natural Language Processing Intern","Cambridge, MA","Internship","Entry-level","Computer Science","LLMs","Machine Learning","NLP","OOP","Prototyping","Career development","Flex vacation","Snacks / Drinks","at least one internship experience","freshman or sophomores"
"Spendesk","Data Scientist Intern","Paris","Internship","Entry-level","Classification","Computer Science","Data visualization","Deep Learning","Finance","Linear algebra","Career development","Gear","Health care","at least one internship experience","juniors"
"Amazon.com","Amazon Robotics - Applied Scientist Intern - 2023","Westborough, Massachusetts, USA","Full Time","Entry-level","Computer Science","Computer Vision","Engineering","Machine Learning","Mathematics","PhD","","","","at least one internship experience","freshman or sophomores"
"DataCamp, Inc.","Machine Learning Content Development Intern","United Kingdom or Belgium","Internship","Entry-level","Engineering","GitHub","Machine Learning","MLFlow","Python","Teaching","Career development","Competitive pay","Equity","no experience","seniors"
"Visium","Junior Machine Learning Engineer - ZÃ¼rich (internship)","ZÃ¼rich, Zurich, Switzerland","Internship","Entry-level","Classification","Clustering","Computer Science","D3","Deep Learning","Engineering","Career development","Startup environment","Team events","at least one internship experience","freshman or sophomores"
"OpenX","Data Scientist - Intern","Los Angeles, CA","Internship","Entry-level","Architecture","AWS","Big Data","Computer Science","Data analysis","GCP","Career development","Startup environment","","at least one internship experience","freshman or sophomores"
"Blueground","Data Analysis Intern - Istanbul","Ä°stanbul, Ä°stanbul, Turkey","Internship","Entry-level","Business Intelligence","Data analysis","Data Analytics","Data quality","Engineering","Excel","Career development","Competitive pay","Flex hours","no experience","freshman or sophomores"
"Visium","Junior Machine Learning Engineer - Lausanne (internship)","Lausanne, Vaud, Switzerland","Internship","Entry-level","Classification","Clustering","Computer Science","D3","Deep Learning","Engineering","Career development","Startup environment","Team events","at least two internship experiences","seniors"
"Steel Perlot","Sports Data Science Intern","Los Angeles, California, San Francisco, California, New â€¦","Internship","Entry-level","Bayesian","CI/CD","Computer Science","Data analysis","Data management","Engineering","401(k) matching","Career development","Competitive pay","at least one internship experience","juniors"
"Scandit","Computer Vision / Machine Learning Intern","ZÃ¼rich","Internship","Entry-level","C++","Computer Science","Computer Vision","Machine Learning","ML models","NLP","Career development","Startup environment","Team events","no experience","freshman or sophomores"
"CGG","Machine Learning Engineer 2023 Internship Programme (6 months)","Crawley, United Kingdom","Internship","Entry-level","C++","Computer Science","Deep Learning","HPC","Machine Learning","Mathematics","Career development","Competitive pay","Fitness / gym","at least one internship experience","seniors"
"Publicis Groupe","Junior Data Analyst - Extra Curricular Internship","Torino, Italy","Full Time","Entry-level","Big Data","Computer Science","Consulting","Data analysis","Data Mining","Data quality","Flex hours","Wellness","","at least one internship experience","juniors"
"Bosch Group","Intern for AI Machine Learning - AquaEasy","Singapore, Singapore","Full Time","Entry-level","Data analysis","Data visualization","Machine Learning","Python","R","R&D","Career development","","","no experience","seniors"
"Censys","2023 Software Engineering Internship - Data Engineer","Ann Arbor, Michigan, United States","Internship","Entry-level","ANN","Engineering","Golang","Helm","Python","Research","Competitive pay","Home office stipend","Startup environment","no experience","seniors"
"Bosch Group","[Intern] AI/ Computer Vision Engineer","TÃ¢n BÃ¬nh, Vietnam","Full Time","Entry-level","Computer Science","Computer Vision","Consulting","Deep Learning","Economics","Engineering","Career development","Team events","","at least one internship experience","freshman or sophomores"
"Publicis Groupe","Intern, Data Science & Analytics","Miami, FL, United States","Internship","Entry-level","Data strategy","Data Studio","Excel","Power BI","Python","Research","Flex hours","Flex vacation","Insurance","no experience","freshman or sophomores"
"Bosch Group","Internship for BigData Analysis in the areas of Project Management and SW Development Metrics","Abstatt, Germany","Internship","Entry-level","Azure","Big Data","Computer Science","Data analysis","Engineering","Excel","Career development","Team events","","at least two internship experiences","seniors"
"Informa Group Plc.","Data Analytics Intern (Summer 2023)","Washington, DC, United States","Internship","Entry-level","Big Data","BigQuery","Computer Science","Data analysis","Data Analytics","Data Studio","Competitive pay","Startup environment","","no experience","seniors"
"Facilities Management Express","Customer Data Specialist Intern","Columbus, Ohio, United States - Remote","Internship","Entry-level","Airtable","APIs","Business Analytics","Business Intelligence","Data visualization","ETL","Career development","Competitive pay","Flex vacation","at least one internship experience","seniors"
"AppLovin","Project Manager Intern - SparkLabs","San Francisco Bay Area","Internship","Entry-level","Excel","Jira","Privacy","Testing","","","Career development","","","at least one internship experience","freshman or sophomores"
"Chemix, Inc.","Machine Learning Research Engineer Internship","Sunnyvale, California, United States","Internship","Entry-level","Chemistry","CI/CD","Git","Machine Learning","ML models","NumPy","401(k) matching","Career development","Equity","at least two internship experiences","freshman or sophomores"
"Lyft","Canada - Early Talent - Data Science Intern, Decisions-Product - Montreal, Canada (Summer 2023)","Montreal, Canada","Internship","Entry-level","A/B testing","Biology","Computer Science","Economics","Engineering","Mathematics","Health care","Startup environment","","no experience","juniors"
"EcoVadis","Data Management Intern (12 months Internship)","EbÃ¨ne, Mauritius","Internship","Entry-level","Classification","Data management","Excel","Research","","","Career development","Flex hours","Health care","at least two internship experiences","juniors"
"Chemix, Inc.","Battery Data Science Intern","Sunnyvale, California, United States","Internship","Entry-level","Chemistry","CI/CD","Computer Science","Data pipelines","Engineering","Git","401(k) matching","Career development","Equity","no experience","juniors"
"Roofstock","Data Engineering Intern","Oakland, CA","Internship","Entry-level","Computer Science","Engineering","Python","RDBMS","Scala","SQL","Competitive pay","Startup environment","","at least one internship experience","seniors"
"SOMFY Group","Data Analyst (6 month internship) (M/F)","Cluses, France","Internship","Entry-level","Data management","Data quality","Industrial","R","R&D","Testing","Career development","","","at least two internship experiences","juniors"
"Verily","Data Science Intern, Registries and Real World Data","South San Francisco, CA","Internship","Entry-level","Biology","Computer Science","Data quality","Engineering","Machine Learning","Mathematics","Career development","Competitive pay","Equity","at least one internship experience","juniors"
"Bandwidth","Network Data Science Intern","Austin, TX","Internship","Entry-level","APIs","Privacy","","","","","Flex vacation","Health care","Unlimited paid time off","no experience","juniors"
"Deutsche Telekom IT Solutions","Data Science Trainee - REF1574S","Budapest, Debrecen, Szeged, PÃ©cs, Hungary","Full Time","Entry-level","Agile","Computer Science","Jira","Kanban","Keras","Machine Learning","Team events","","","at least two internship experiences","freshman or sophomores"
"ALTEN","Stage - IngÃ©nieur vÃ©hicule autonome","SÃ¨vres, France","Full Time","Entry-level","Python","R","R&D","","","","Career development","","","no experience","freshman or sophomores"
"Verily","Data Science Intern, Computational Biology","South San Francisco, CA","Internship","Entry-level","Architecture","Biology","Computer Science","Data analysis","EDA","Engineering","Career development","Competitive pay","Health care","at least one internship experience","juniors"
"ServiceNow","Data Analytics Intern, Innovation Operations","Santa Clara, CALIFORNIA, United States","Internship","Entry-level","Computer Science","Data Analytics","Data visualization","Economics","Excel","Finance","401(k) matching","Competitive pay","Equity","at least two internship experiences","seniors"
"Bosch Group","2023 Co-op Student - Digital Automation -- Data Analyst (May- Nov)","Oakbrook Terrace, IL, United States","Full Time","Entry-level","Computer Science","Engineering","Excel","Industrial","KNIME","Mathematics","Team events","","","at least one internship experience","juniors"
"G2","Summer Intern: Data Science","Chicago","Internship","Entry-level","AWS","Data analysis","EDA","Machine Learning","ML infrastructure","NLP","Career development","Flex vacation","Parental leave","at least one internship experience","juniors"
"METRO/MAKRO","STAGE 6 mois - Data Scientist Junior H/F","Nanterre, France","Full Time","Entry-level","Big Data","Power BI","Python","R","SQL","","","","","at least one internship experience","juniors"
"Cloudflare, Inc.","Data Engineer - Intern (Summer 2023)","San Francisco or Austin","Internship","Entry-level","Angular","APIs","Architecture","Computer Science","Data Analytics","Engineering","","","","at least one internship experience","seniors"
"Back Market","Business Data Analyst Intern (APAC)","Paris","Internship","Entry-level","Consulting","Data visualization","KPIs","Python","SQL","Tableau","Flex hours","Health care","Insurance","at least one internship experience","freshman or sophomores"
"Voodoo","Junior Data Analyst (end-of-studies internship)","Paris","Internship","Entry-level","Consulting","Engineering","Excel","Machine Learning","Mathematics","SQL","Career development","Competitive pay","Lunch / meals","no experience","freshman or sophomores"
"Wavestone","Consultant.e.s â€“ Stage/Alternance -  IT & Data Architecture","Nantes, France","Full Time","Entry-level","APIs","Architecture","AWS","Azure","Big Data","DevOps","","","","at least two internship experiences","juniors"
"Deezer","Product Data Analyst Intern m/f/d","Paris, France","Internship","Entry-level","Data analysis","Data pipelines","Data visualization","KPIs","Pipelines","Python","Career development","Health care","Insurance","no experience","seniors"
"Amazon.com","2023 Business Intelligence Engineer Internship","Milan, Lombardy, ITA","Full Time","Entry-level","AWS","Business Intelligence","Computer Science","Data Mining","Data pipelines","Data warehouse","Career development","Competitive pay","Flex hours","at least one internship experience","seniors"
"Syngenta Group","Data Scientist Trainee (m/w/d)","Frankfurt am Main, Germany","Full Time","Entry-level","AWS","Big Data","Data Mining","Deep Learning","Machine Learning","NoSQL","","","","at least two internship experiences","seniors"
"Publicis Groupe","Data Science & Analytics, Summer Intern","Springdale, AR, United States","Internship","Entry-level","Data visualization","Excel","Mathematics","Statistics","STEM","Tableau","Career development","Home office stipend","Insurance","at least two internship experiences","juniors"
"Wavestone","Business Intelligence & Data Visualization","Paris, France","Full Time","Entry-level","Agile","Business Intelligence","Data visualization","Machine Learning","Research","UX","","","","no experience","seniors"
"Moloco","Data Analyst Intern - Singapore","Singapore, Central Singapore, Singapore","Internship","Entry-level","Data analysis","GCP","Google Cloud","Machine Learning","ML models","Python","Career development","","","at least one internship experience","seniors"
"Funding Societies","Data Analyst Intern","Bangkok, Bangkok, Thailand - Remote","Internship","Entry-level","Business Intelligence","Data Analytics","Data visualization","Data warehouse","Finance","FinTech","Career development","Flex hours","Flex vacation","at least two internship experiences","juniors"
"Guardant Health","Machine Learning/Artificial Intelligence Intern","Palo Alto, CA, United States","Internship","Entry-level","Biology","Computer Science","HPC","Linux","Machine Learning","NLP","Career development","Equity","Health care","no experience","juniors"
"Merlin Labs","NLP Software Engineer, Intern","Boston","Internship","Entry-level","BERT","Computer Science","Data analysis","GitHub","GPT","Machine Learning","401(k) matching","Career development","Health care","at least one internship experience","freshman or sophomores"
"Snowflake Inc.","Data Engineer - Intern","Pune, India","Internship","Entry-level","Airflow","APIs","AWS","Azure","Computer Science","Data pipelines","","","","at least one internship experience","freshman or sophomores"
"Outrider","Perception Intern, Deep Learning Data","Brighton, Colorado","Internship","Entry-level","AWS","Deep Learning","Docker","Git","Lidar","Python","","","","no experience","seniors"
"Moloco","Data Analyst Intern - Korea","Gangnam-gu, Seoul, South Korea","Internship","Entry-level","Data analysis","GCP","Google Cloud","Machine Learning","ML models","Python","Career development","","","at least one internship experience","seniors"
"Bosch Group","[Intern] AI/ Computer Vision Engineer","TÃ¢n BÃ¬nh, Vietnam","Full Time","Entry-level","Computer Science","Computer Vision","Consulting","Deep Learning","Economics","Engineering","Career development","Team events","","at least two internship experiences","freshman or sophomores"
"Bosch Group","Intern, AI research engineer","Singapore, Singapore","Internship","Entry-level","Computer Science","Computer Vision","Deep Learning","Engineering","Industrial","Machine Learning","Career development","","","at least one internship experience","freshman or sophomores"
"Western Digital","Phd -Interns, Data Scientist","Bengaluru, India","Full Time","Entry-level","Agile","Architecture","Classification","Data Mining","Data pipelines","Deep Learning","","","","no experience","seniors"
"SchrÃ¶dinger","Computational Biology Intern","New York","Internship","Entry-level","Biology","Computer Science","Deep Learning","Drug discovery","Machine Learning","Python","401(k) matching","Career development","Competitive pay","at least one internship experience","seniors"
"Amazon.com","Amazon Robotics - Applied Scientist Intern/Co-op - 2023","Westborough, Massachusetts, USA","Full Time","Entry-level","Computer Science","Computer Vision","Engineering","Machine Learning","Mathematics","PhD","","","","no experience","juniors"
"Block","PhD Machine Learning Engineer Intern (Summer 2023)","San Francisco, CA, United States","Internship","Entry-level","Architecture","AWS","Banking","Blockchain","Computer Science","Crypto","Career development","Equity","Health care","no experience","seniors"
"Chime","Reporting and Data Infrastructure Intern","Remote, San Francisco","Internship","Entry-level","Banking","Computer Science","Data governance","FinTech","LookML","Privacy","401(k) matching","Career development","Competitive pay","at least two internship experiences","freshman or sophomores"
"Jump Trading","Campus | Data Engineer (Intern)","Singapore","Internship","Entry-level","Data Analytics","Economics","Engineering","Finance","Linux","MySQL","Career development","","","no experience","freshman or sophomores"
"Cloudflare, Inc.","Data Analyst Intern (Summer 2023)","Remote US","Internship","Entry-level","Big Data","BigQuery","Computer Science","Data Analytics","Engineering","Finance","Career development","Startup environment","","at least two internship experiences","seniors"
"Block","Data Science Intern (Summer 2023)","San Francisco, CA, United States","Internship","Entry-level","A/B testing","Airflow","Banking","BigQuery","Blockchain","Computer Science","Career development","Equity","Flex vacation","no experience","seniors"
"GoodRx","Data Engineer Internship","Santa Monica, CA","Internship","Entry-level","AWS","Data pipelines","DevOps","Engineering","ETL","Excel","Health care","","","at least one internship experience","seniors"
"Chime","Data Analytics Intern: Consumer Economics","San Francisco, CA","Internship","Entry-level","Banking","Data Analytics","Data visualization","Economics","FinTech","Privacy","401(k) matching","Career development","Competitive pay","at least two internship experiences","seniors"
"Guardant Health","Grad Intern: Bioinformatics/Assay Data Visualization and Analysis","Palo Alto, CA, United States","Full Time","Entry-level","Data Analytics","Data visualization","Engineering","Matplotlib","PhD","Plotly","Career development","Health care","Salary bonus","at least one internship experience","seniors"
"605","Data Operations Intern (Quality Assurance)","Syosset, New York, United States","Internship","Entry-level","Agile","Databricks","DataOps","Excel","Jira","PySpark","Startup environment","","","at least one internship experience","freshman or sophomores"
"Etsy","Data Science Intern","Brooklyn, NY, United States","Full Time","Entry-level","Causal inference","Computer Science","Economics","Machine Learning","PhD","Python","Equity","","","at least two internship experiences","juniors"
"CleverConnect","Data Engineer / Data Analyst - Stage de fin d'Ã©tudes - Paris 2e","Paris, France","Full Time","Entry-level","Agile","Architecture","AWS","BigQuery","Dataflow","Data visualization","Career development","Yoga","","at least one internship experience","seniors"
"ManoMano","[Internship] - Junior Data Scientist #2 (W/M)","Paris 75017","Internship","Entry-level","Agile","Biology","Computer Science","Data analysis","E-commerce","Economics","Career development","Conferences","Flex vacation","at least two internship experiences","seniors"
"ManoMano","[Internship] - Junior Data Scientist #1 (W/M)","Paris 75017","Internship","Entry-level","Agile","Biology","Computer Science","Data analysis","E-commerce","Economics","Career development","Conferences","Flex vacation","no experience","juniors"
"Western Digital","PhD Intern - Data Science","Bengaluru, India","Internship","Entry-level","Big Data","Computer Science","Data Analytics","Deep Learning","Engineering","Linear algebra","Career development","Medical leave","","at least one internship experience","freshman or sophomores"
"Bosch Group","Jr Data Engineer - Internship","Cernusco sul Naviglio, Italy","Full Time","Entry-level","Business Intelligence","Computer Science","Data analysis","Engineering","Industrial","Mathematics","Startup environment","","","no experience","freshman or sophomores"
"605","Engineering Intern (Data Engineering)","Syosset, New York, United States","Internship","Entry-level","Agile","Architecture","AWS","Azure","Big Data","Data visualization","Career development","Startup environment","","at least one internship experience","freshman or sophomores"
"Enterpret","[Internship] Machine Learning","Remote (India)","Internship","Entry-level","Deep Learning","Linear algebra","Machine Learning","NLP","NumPy","Pandas","Career development","","","at least one internship experience","juniors"
"Lightcast","Research Analyst Intern (Summer 2023 )","Remote (Work From Home) US","Internship","Entry-level","Consulting","Economics","Excel","Python","Research","SQL","Career development","Team events","","at least one internship experience","seniors"
"605","Data Operations Intern (Data Management)","Syosset, New York, United States","Internship","Entry-level","Agile","Databricks","Data management","DataOps","Data quality","Excel","Startup environment","","","at least two internship experiences","juniors"
"Chemix, Inc.","Machine Learning Research Engineer Internship","Sunnyvale, California, United States","Internship","Entry-level","Chemistry","CI/CD","Git","Machine Learning","ML models","NumPy","401(k) matching","Career development","Equity","no experience","freshman or sophomores"
"Fifty-Five","Data Scientist Intern","Paris, ÃŽle-de-France, France","Internship","Entry-level","Deep Learning","NumPy","Pandas","Python","R","R&D","Career development","","","at least one internship experience","juniors"
"Western Digital","Intern, Data Engineering - Digital Innovation (Summer 2023)","Milpitas, CA, United States","Full Time","Entry-level","Computer Science","Data analysis","Data pipelines","Data quality","EDA","Engineering","Medical leave","","","at least two internship experiences","freshman or sophomores"
"Zeta Global","Data Science & Analytics Intern","New York City, NY","Internship","Entry-level","Business Intelligence","Data pipelines","ETL","Machine Learning","MySQL","Pipelines","Lunch / meals","Team events","","at least two internship experiences","freshman or sophomores"
"Bosch Group","AI/ML Graduate Intern with Focus on AI Engineering (6 - 12 Months)","Mount Prospect, IL, United States","Internship","Entry-level","AWS","Azure","Computer Science","Engineering","GCP","Industrial","","","","at least two internship experiences","freshman or sophomores"
"takealot.com","Data Analytics Intern","Cape Town","Internship","Entry-level","Data Analytics","E-commerce","","","","","Career development","Competitive pay","Flex vacation","no experience","juniors"
"Recorded Future, Inc.","Data Science Intern","Boston, MA","Internship","Entry-level","Python","Security","","","","","Startup environment","","","at least one internship experience","seniors"
"Verisk","Data Analytics Intern (Pricing Analyst) - 2023  Summer Internship Program - CR","KrakÃ³w, Poland","Part Time","Entry-level","Business Intelligence","Data analysis","Data Analytics","Data management","Data quality","Data visualization","Career development","Equity","Insurance","at least two internship experiences","juniors"
"Unite Us","Internship: Data Analyst Intern","New York City","Internship","Entry-level","Computer Science","Data Analytics","Mathematics","Physics","SQL","Statistics","Startup environment","","","at least two internship experiences","freshman or sophomores"
"CleverConnect","Data Analyst - Stage de fin d'Ã©tudes - Paris 2e","Paris, France","Full Time","Entry-level","Agile","Architecture","AWS","BigQuery","Dataflow","Data visualization","Career development","Yoga","","at least one internship experience","juniors"
"Bosch Group","Internship Big Data for Fleet Validation","Stuttgart, Germany","Full Time","Entry-level","Agile","Azure","Big Data","Data analysis","Databricks","Engineering","Startup environment","","","at least two internship experiences","juniors"
"CleverConnect","Data Engineer - Stage de fin d'Ã©tudes - Paris 2e","Paris, France","Full Time","Entry-level","Agile","Architecture","AWS","BigQuery","Dataflow","Data visualization","Career development","Yoga","","no experience","seniors"
"Balbix","AI/ML Summer Intern","San Jose, CA","Internship","Entry-level","Data pipelines","Distributed Systems","Engineering","Linear algebra","Machine Learning","ML infrastructure","Career development","Flex vacation","Health care","at least one internship experience","freshman or sophomores"
"Unite Us","Internship: Data Science Intern","New York City","Internship","Entry-level","Computer Science","Mathematics","Pandas","Physics","Python","Research","Career development","","","no experience","juniors"
"Syngenta Group","Data Scientist Trainee (m/w/d)","Frankfurt am Main, Germany","Full Time","Entry-level","AWS","Big Data","Data Mining","Deep Learning","Machine Learning","NoSQL","","","","no experience","juniors"
"Dyno Therapeutics","Machine Learning Engineer Summer 2023 Internship","Watertown, MA","Internship","Entry-level","Biology","Computer Science","Engineering","Machine Learning","Mathematics","ML infrastructure","Startup environment","","","no experience","juniors"
"Burro","Machine Learning Internship","Philadelphia, PA","Internship","Entry-level","Computer Vision","CUDA","Deep Learning","Engineering","GPU","Machine Learning","","","","at least one internship experience","juniors"
"Publicis Groupe","Digital Data Analyst","BogotÃ¡, Colombia","Full Time","Entry-level","Data Studio","Excel","Jira","Spark","","","","","","no experience","juniors"
"Shift Technology","Data Scientist (End-of-studies Internship)","France - Paris","Internship","Entry-level","Big Data","Chatbots","Computer Science","Engineering","Machine Learning","Mathematics","Career development","Competitive pay","Equity","no experience","freshman or sophomores"
"Outrider","Data Analyst Intern","Golden, Colorado","Internship","Entry-level","Athena","AWS","Computer Science","Data analysis","Data Analytics","Data visualization","","","","at least one internship experience","juniors"
"Guardant Health","Bioinformatics Intern, Machine Learning","Palo Alto, CA, United States","Full Time","Entry-level","AWS","Biology","Data analysis","Genetics","Git","GitHub","Career development","Health care","Salary bonus","at least two internship experiences","seniors"
"Bosch Group","AI/ML Graduate Intern with Focus on AI Engineering","Mount Prospect, IL, United States","Internship","Entry-level","AWS","Azure","Computer Science","Engineering","GCP","Industrial","","","","at least two internship experiences","seniors"
"Publicis Groupe","Summer Internship - Data Science / Advanced Analytics","Los Angeles, CA, United States","Part Time","Entry-level","Excel","R","","","","","Career development","","","at least two internship experiences","juniors"
"Fetch","Data Analytics Internship","Madison, WI","Internship","Entry-level","Data Analytics","Grafana","Python","SQL","Statistics","Tableau","Flex vacation","","","at least one internship experience","seniors"
"Vention","Computer vision Developer Intern","MontrÃ©al, QC, Canada","Internship","Entry-level","Computer Vision","Distributed Systems","GPU","JavaScript","Jupyter","Mathematics","Startup environment","","","at least one internship experience","juniors"
"Guardant Health","Machine Learning/Artificial Intelligence Intern","Palo Alto, CA, United States","Internship","Entry-level","Biology","Computer Science","HPC","Linux","Machine Learning","NLP","Career development","Equity","Health care","at least two internship experiences","freshman or sophomores"
"Bosch Group","Academic Internship - Deep Learning, Synthetic Data","Braga, Portugal","Internship","Entry-level","Autonomous Driving","Computer Science","Computer Vision","Deep Learning","Lidar","Machine Learning","Career development","Flex hours","","at least two internship experiences","freshman or sophomores"
"Bosch Group","Academic Internship - Deep Learning, Multi-Task","Braga, Portugal","Internship","Entry-level","Computer Science","Computer Vision","Deep Learning","Lidar","Machine Learning","Physics","Career development","Flex hours","","no experience","seniors"
"Western Digital","Phd -Interns, Data Scientist","Bengaluru, India","Full Time","Entry-level","Big Data","Computer Science","Data Analytics","Engineering","Machine Learning","PhD","","","","no experience","juniors"
"Guardant Health","Business Application Intern, Machine Learning","Palo Alto, CA, United States","Internship","Entry-level","Architecture","AWS","Computer Science","Engineering","Machine Learning","Privacy","Career development","Equity","Health care","at least one internship experience","juniors"
"Snyk","Data Analytics Intern","Boston","Internship","Entry-level","Computer Science","Data Analytics","Looker","Prototyping","Security","SQL","Career development","Flex hours","Flex vacation","at least one internship experience","freshman or sophomores"
"Publicis Groupe","Data Sciences Intern(Smart's)","Madrid, Spain","Part Time","Entry-level","Data analysis","Economics","Engineering","Mathematics",".NET","RDBMS","Startup environment","","","at least one internship experience","juniors"
"CGG","Internship â€“ Machine Learning/MLOps Engineer (6 months)","Massy, France","Full Time","Entry-level","CI/CD","Computer Science","Engineering","HPC","Machine Learning","MLFlow","Career development","Startup environment","","at least two internship experiences","seniors"
"Western Digital","Intern, Data Engineering (Summer 2023)","San Jose, CA, United States","Internship","Entry-level","AWS","Big Data","Computer Science","Data analysis","Data Analytics","Data pipelines","Career development","Competitive pay","Equity","at least one internship experience","seniors"
"Bosch Group","Internship Embedded AI Engineering","Reutlingen, Germany","Full Time","Entry-level","Computer Science","Deep Learning","Engineering","Machine Learning","Mathematics","Physics","Career development","","","at least two internship experiences","freshman or sophomores"
"Rokt","Data Analyst Intern","New York City, United States","Internship","Entry-level","Agile","Big Data","Business Analytics","Computer Science","Data analysis","E-commerce","Career development","Equity","Home office stipend","at least one internship experience","juniors"
"Shippeo","Data Scientist - Internship","Paris, France","Internship","Entry-level","Classification","Machine Learning","ML models","NumPy","Pandas","Python","","","","no experience","freshman or sophomores"
"Vention","Computer vision Developer","MontrÃ©al, QC, Canada","Full Time","Entry-level","Computer Vision","Distributed Systems","GPU","JavaScript","Jupyter","Mathematics","Startup environment","","","no experience","seniors"
"CleverConnect","Data Engineer / Data Analyst - Stage de fin d'Ã©tudes - Paris 2e","Paris, France","Full Time","Entry-level","Agile","Architecture","AWS","BigQuery","Dataflow","Data visualization","Career development","Yoga","","at least one internship experience","seniors"
"Abarca Health","Intern, Data Engineer","Remote","Internship","Entry-level","Business Intelligence","Computer Science","ELT","Engineering","Healthcare technology","Snowflake","Flex hours","Health care","","at least two internship experiences","juniors"
"Frazer-Nash Consultancy","Data Science and Systems Engineers - Summer Intern 2023","UK, Great Britain, United Kingdom","Internship","Entry-level","Agile","Computer Science","Consulting","Engineering","Excel","Mathematics","Career development","Competitive pay","Flex hours","at least two internship experiences","freshman or sophomores"
"Plume Labs","AI Engineer Internship","Paris, ÃŽle-de-France, France - Remote","Internship","Entry-level","Agile","APIs","Deep Learning","Keras","Machine Learning","NumPy","Career development","Flex hours","Startup environment","no experience","juniors"
"Lyft","Canada - Early Talent - Supply Chain Data Analyst Intern (Summer 2023)","Montreal, Canada","Internship","Entry-level","Business Analytics","Data analysis","Excel","Jira","Power BI","SQL","Health care","","","no experience","freshman or sophomores"
"Metropolis","Machine Learning Engineer Intern","Seattle, WA or Santa Monica, CA","Internship","Entry-level","Architecture","Computer Vision","CUDA","cuDNN","Deep Learning","DenseNet","Startup environment","","","at least two internship experiences","freshman or sophomores"
"BenevolentAI","AI Scientist Internship","London, England, United Kingdom","Internship","Entry-level","Architecture","Biology","Chemistry","Computer Science","Deep Learning","Drug discovery","Career development","Health care","","no experience","seniors"
"Netcetera","Spring Internship Program - Machine Learning Engineer (Skopje, Bitola, Ohrid)","Skopje, Greater Skopje, North Macedonia","Internship","Entry-level","Computer Science","Computer Vision","Deep Learning","Machine Learning","NLP","NumPy","Career development","Conferences","Flex hours","at least two internship experiences","juniors"
"Ubisoft","Stagiaire Data Analyst (F/H/NB)","Bordeaux, France","Full Time","Entry-level","Airflow","ETL","Git","Hadoop","PySpark","Python","","","","at least one internship experience","seniors"
"Etsy","Data Science Intern","Brooklyn, NY, United States","Full Time","Entry-level","Computer Vision","Data Mining","Deep Learning","Diffusion models","E-commerce","ICLR","Career development","Conferences","Equity","no experience","freshman or sophomores"
"BenevolentAI","Bioinformatics Data Scientist Internship","London, England, United Kingdom","Internship","Entry-level","Biology","Causal inference","Data Analytics","Data pipelines","Drug discovery","Engineering","Career development","","","no experience","seniors"
"Vitol","Data Science Intern","London, United Kingdom","Full Time","Entry-level","APIs","Architecture","Data analysis","Power BI","Python","SQL","","","","at least one internship experience","seniors"
"BenevolentAI","Data Scientist Internship","London, England, United Kingdom","Internship","Entry-level","Biology","Data analysis","Data quality","Drug discovery","Jupyter","Machine Learning","Career development","","","at least one internship experience","seniors"
"Trust Lab","Data Science Intern | Greece","Remotely","Internship","Entry-level","Computer Science","Data analysis","Data Analytics","Data Studio","Engineering","Machine Learning","Career development","Competitive pay","Equity","at least two internship experiences","seniors"
"Spotify","Summer Internship, Data Scientist | Content Business (US)","New York City","Internship","Entry-level","Computer Science","Economics","Machine Learning","Mathematics","ML models","PhD","Career development","","","at least two internship experiences","freshman or sophomores"
"Sia Partners","Stage de fin d'Ã©tudes - Consultant(e) Data Management","Paris, France","Full Time","Entry-level","APIs","Architecture","AWS","Azure","Big Data","Business Intelligence","","","","no experience","juniors"
"FarmWise","Machine Learning Intern","Paris, France (Hybrid)","Internship","Entry-level","AWS","Computer Vision","Deep Learning","GCP","Git","GPU","","","","no experience","seniors"
"Spotify","Summer Internship, Machine Learning Engineer Intern | Platform Mission (US)","New York City","Internship","Entry-level","A/B testing","Agile","Cassandra","Classification","Data quality","Flink","Career development","Home office stipend","","at least one internship experience","freshman or sophomores"
"AccuWeather","Data Developer Intern","Remote or State College, PA","Internship","Entry-level","DataOps","","","","","","","","","at least one internship experience","juniors"
"Strava","Machine Learning Engineering Intern","Remote (USA)","Internship","Entry-level","Computer Science","Data Mining","Data pipelines","Deep Learning","Engineering","Hadoop","Career development","Health care","Team events","at least one internship experience","seniors"
"GRESB","Climate Data Analyst - Intern (Asset Impact) | Paris or Berlin","Paris, ÃŽle-de-France, France","Internship","Entry-level","Data analysis","Excel","Finance","Python","R","RDBMS","Career development","","","at least one internship experience","seniors"
"Roblox","Data Science Intern - Causal Inference with Network Interference (Summer 2023)","San Mateo, CA, United States","Internship","Entry-level","Airflow","Big Data","Causal inference","Computer Science","Economics","Engineering","Career development","Equity","Flex hours","no experience","juniors"
"Trigo","STAGE - Data Analyst POWER BI - H/F","Nanterre, France","Full Time","Entry-level","Excel","Power BI","Robotics","RPA","SharePoint","","","","","at least two internship experiences","freshman or sophomores"
"Santen","Data Science Intern","Emeryville, CA, United States","Full Time","Entry-level","Data analysis","R","SAS","Statistics","","","Flex hours","Startup environment","Team events","at least one internship experience","juniors"
"Spotify","Summer Internship, Analytics Engineer | Content Business (US)","New York City","Internship","Entry-level","APIs","BigQuery","Computer Science","Engineering","ETL","PhD","Home office stipend","Startup environment","","at least one internship experience","freshman or sophomores"
"Spotlab","Artificial Intelligence Research Internship","Madrid, Spain","Internship","Entry-level","Caffe","Computer Science","Computer Vision","Deep Learning","Engineering","Keras","Career development","Health care","Startup environment","at least one internship experience","freshman or sophomores"
"Fetch","Data Analytics Internship","Birmingham, AL","Internship","Entry-level","Data Analytics","Grafana","Python","SQL","Statistics","Tableau","Flex vacation","","","at least one internship experience","seniors"
"Sayari","Data Engineer Intern","United States - Remote","Internship","Entry-level","Airflow","AWS","Azure","Engineering","ETL","GCP","401(k) matching","Career development","Competitive pay","no experience","seniors"
"Spot AI","Data Analytics Engineer (Intern)","Hayward, California, United States","Internship","Entry-level","APIs","AWS","BigQuery","Computer Science","Data Analytics","Databricks","Career development","","","at least one internship experience","juniors"
"Gameloft","Data Analyst Intern - Summer 2023","Toronto, ON, Canada","Internship","Entry-level","Computer Science","Data visualization","Mathematics","SQL","Statistics","","Career development","Flex hours","Flex vacation","no experience","freshman or sophomores"
"Spotify","Summer Internship, Product Management | Data Management (US)","New York City","Internship","Entry-level","Agile","Big Data","Computer Science","Data management","Economics","Engineering","Home office stipend","","","no experience","juniors"
"Bosch Group","Intern | Machine Learning (Generative AI)","Singapore, Singapore","Internship","Entry-level","Computer Science","Data analysis","Deep Learning","EDA","Engineering","Feature engineering","Career development","","","no experience","juniors"
"Gojek","Data Science Intern - Payments","Singapore","Internship","Entry-level","Caffe","Computer Vision","Deep Learning","Engineering","Keras","Machine Learning","Team events","","","no experience","freshman or sophomores"
"Agot AI","Deep Learning Infrastructure Intern (Summer, Full-Time)","Pittsburgh, PA","Internship","Entry-level","AWS","Computer Science","Computer Vision","Deep Learning","DevOps","Docker","Career development","Flex hours","Startup environment","at least two internship experiences","freshman or sophomores"
"Bosch Group","Embedded Machine Learning Intern for Sensors and Edge Devices","Sunnyvale, CA, United States","Internship","Entry-level","ASIC Design","Classification","Computer Science","Data Mining","Engineering","Linux","","","","at least two internship experiences","juniors"
"Bugcrowd","Data Science Intern","United States","Internship","Entry-level","A/B testing","Data analysis","EDA","Engineering","Git","GitHub","","","","at least two internship experiences","seniors"
"Believe","Data Analyst - Internship (H/F)","Paris, France","Internship","Entry-level","Power BI","","","","","","Career development","","","no experience","freshman or sophomores"
"Snowflake Inc.","Data Engineer Intern","Dublin, CA, USA","Internship","Entry-level","Computer Science","Data pipelines","Data warehouse","Distributed Systems","Engineering","Excel","Flex hours","Startup environment","Team events","at least two internship experiences","juniors"
"Mendix","Data Quality Management Internship","Rotterdam","Internship","Entry-level","AWS","Computer Science","Data quality","Engineering","Power BI","Privacy","Transparency","","","at least one internship experience","freshman or sophomores"
"Smartsheet","Product Design Intern, Data Integrations","-REMOTE, UK-","Internship","Entry-level","Agile","Engineering","Privacy","Prototyping","Research","UX","Career development","","","at least two internship experiences","seniors"
"CleverConnect","Data Engineer / Data Analyst - Stage de fin d'Ã©tudes - Paris 2e","Paris, France","Full Time","Entry-level","Agile","Architecture","AWS","BigQuery","Dataflow","Data visualization","Career development","Yoga","","no experience","freshman or sophomores"
"CleverConnect","Data Analyst - Stage de fin d'Ã©tudes - Paris 2e","Paris, France","Full Time","Entry-level","Agile","Architecture","AWS","BigQuery","Dataflow","Data visualization","Career development","Yoga","","no experience","freshman or sophomores"
"Bosch Group","Intern, Robot Research Engineer","Singapore, Singapore","Internship","Entry-level","Computer Science","Engineering","Industrial","Machine Learning","Python","Research","Career development","","","no experience","seniors"
"Amazon.com","Amazon Robotics - Applied Scientist Intern/Co-op - 2023","Westborough, Massachusetts, USA","Full Time","Entry-level","Computer Science","Computer Vision","Engineering","Machine Learning","Mathematics","PhD","","","","at least two internship experiences","seniors"
"Spotify","Summer Internship, Data Science | Music Mission (US)","New York City","Internship","Entry-level","A/B testing","Airflow","Biology","Computer Science","Data pipelines","Data visualization","Home office stipend","","","at least one internship experience","seniors"
"Verisk","Data Science Intern - 2023 Summer Internship Program - CR","KrakÃ³w, Poland","Part Time","Entry-level","Bayesian","Business Analytics","Classification","Data analysis","Engineering","Finance","Career development","Equity","Insurance","no experience","seniors"
"Relativity","Machine Learning Operations Intern - Summer 2023","Remote United States","Internship","Entry-level","AWS","Azure","Computer Science","Databricks","GCP","Linux","Career development","Flex hours","Flex vacation","no experience","seniors"
"HRL Laboratories","Doctorate Intern in Machine Learning and Reasoning","Calabasas, CA","Internship","Entry-level","Deep Learning","Machine intelligence","Machine Learning","Privacy","Python","PyTorch","401(k) matching","Career development","Competitive pay","at least two internship experiences","juniors"
"Dyania Health","NLP Applied Science Internship","Jersey City, New Jersey, United States","Internship","Entry-level","Computer Science","Engineering","HuggingFace","Machine Learning","Mathematics","NLP","Conferences","Flex hours","","at least two internship experiences","juniors"
"CleverConnect","Data Engineer - Stage de fin d'Ã©tudes - Paris 2e","Paris, France","Full Time","Entry-level","Agile","Architecture","AWS","BigQuery","Dataflow","Data visualization","Career development","Yoga","","no experience","seniors"
"Wisk Aero","Autonomy Engineering Summer Intern","Mountain View, CA","Internship","Entry-level","C++","Computer Science","Computer Vision","Engineering","Genetics","Matlab","401(k) matching","Career development","Competitive pay","no experience","seniors"
"METRO/MAKRO","Internship - Data Analytics with SQL","BucureÈ™ti, Romania","Full Time","Entry-level","Cybernetics","Data Analytics","Engineering","Excel","SQL","Statistics","Career development","Flex hours","Startup environment","at least one internship experience","seniors"
"Freenome","Machine Learning Research Engineering Intern (Remote)","South San Francisco, California","Internship","Entry-level","Biology","Computer Science","Engineering","GPU","Machine Learning","Model training","Career development","Conferences","Medical leave","at least one internship experience","juniors"
"Etsy","Data Science Intern","Brooklyn, NY, United States","Full Time","Entry-level","Computer Vision","Data Mining","Deep Learning","Diffusion models","E-commerce","ICLR","Career development","Conferences","Equity","at least one internship experience","juniors"
"SchrÃ¶dinger","Life Science Data Engineer Intern","New York","Internship","Entry-level","APIs","Architecture","Biology","Chemistry","CI/CD","Computer Science","Career development","Lunch / meals","Startup environment","at least two internship experiences","juniors"
"Publicis Groupe","Data Analyst - Internship","Milano, Italy","Full Time","Entry-level","Business Intelligence","Computer Science","Consulting","Mathematics","Statistics","","Flex hours","Wellness","","at least one internship experience","freshman or sophomores"
"Believe","Junior Data Analyst - Stage (H/F)","Paris, France","Full Time","Entry-level","Business Intelligence","Excel","Power BI","Python","Streaming","Tableau","Transparency","","","at least one internship experience","freshman or sophomores"
"Vitol","Data Science Intern","London, United Kingdom","Full Time","Entry-level","APIs","Architecture","Data analysis","Power BI","Python","SQL","","","","at least two internship experiences","freshman or sophomores"
"Adarga","Data Science Summer Internship Programme 2023","London, United Kingdom","Internship","Entry-level","Deep Learning","Engineering","Machine Learning","NLP","Privacy","Research","Flex hours","","","at least one internship experience","freshman or sophomores"
"Bosch Group","Intern, AI Engineer for HVAC","Singapore, Singapore","Internship","Entry-level","Computer Science","Engineering","Industrial","NumPy","OpenAI","Pandas","Career development","","","at least two internship experiences","juniors"
"Adarga","Data Science Intern 2023","London, United Kingdom","Internship","Entry-level","Deep Learning","Engineering","Machine Learning","NLP","Privacy","Research","Flex hours","","","at least two internship experiences","juniors"
"Deloitte","Data Management Unit Intern","Nakuru, Kenya","Internship","Entry-level","Consulting","Data analysis","Data management","Data quality","Data visualization","Excel","Career development","Startup environment","Team events","at least two internship experiences","freshman or sophomores"
"CloudSEK","Machine Learning Intern","Bengaluru, Karnataka, India","Internship","Entry-level","BERT","Elasticsearch","GPT","Keras","Machine Learning","ML models","Career development","Competitive pay","Flex hours","no experience","juniors"
"Nuro, Inc.","Applied Research, Machine Learning - PhD Summer Intern","Mountain View, California (HQ)","Internship","Entry-level","Autonomous Driving","Computer Science","Deep Learning","Generative modeling","ICLR","ICML","Career development","Conferences","","no experience","freshman or sophomores"
"Spotify","Summer Internship, Research Scientist, Audio Intelligence | Music Mission (EMEA or US)","Berlin","Internship","Entry-level","Computer Science","Engineering","GitHub","Machine Learning","Mathematics","NumPy","","","","at least one internship experience","freshman or sophomores"
"Bosch Group","Internship: Deep Learning based Lane and Road Edge Detection","Leonberg, Germany","Full Time","Entry-level","Agile","Computer Science","Computer Vision","Deep Learning","Engineering","Python","Flex hours","","","no experience","juniors"
